[1,["ecpdLyjvZBwrvm+cedCcQy","92j+5IJ39EE5+d9IgyZqH4","eept0MZs9OX55gPda/GWxT","0eCsA8iXVPgYGzLXKGOFG3","9ebHaWt3JJI5i8Kicyq0Wt","08MYKKOHdOl5fxHF9FDuS1","dan+jjCvJGM7nz19QxLguC"],["node","_textureSetter","_spriteFrame","scene","_parent"],[["cc.Node",["_name","_id","_active","_components","_contentSize","_parent","_trs","_children"],0,9,5,1,7,2],"cc.SpriteFrame",["cc.Widget",["_alignFlags","_originalWidth","_originalHeight","node"],0,1],["cc.Sprite",["_type","node","_materials","_spriteFrame"],2,1,3,6],["cc.SceneAsset",["_name","asyncLoadAssets"],1],["cc.Node",["_name","_parent","_components","_contentSize","_trs"],2,1,2,5,7],["cc.Canvas",["node","_designResolution"],3,1,5],["cc.Scene",["_name","_children","_anchorPoint","_trs"],2,2,5,7],["cc.Camera",["_clearFlags","_depth","node"],1,1],["cc.Label",["_string","_N$verticalAlign","node","_materials"],1,1,3],["89e3bULnINAO5LStk1zefH7",["node","loadingSprite","loadingLabel"],3,1,1,1]],[[5,0,1,2,3,4,2],[3,1,2,3,1],[4,0,1,3],[0,0,1,7,3,4,6,3],[0,0,5,3,4,2],[0,0,5,3,4,6,2],[0,0,2,5,3,4,6,3],[0,0,1,5,3,3],[6,0,1,1],[2,0,3,2],[2,0,1,2,3,4],[7,0,1,2,3,2],[3,0,1,2,2],[8,0,1,2,3],[9,0,1,2,3,3],[10,0,1,2,1]],[[[{"name":"blue bar","rect":[0,0,442,25],"offset":[0,0],"originalSize":[442,25],"capInsets":[0,0,0,0]}],[1],0,[0],[1],[1]],[[{"name":"loading_bg","rect":[0,0,1280,720],"offset":[0,0],"originalSize":[1280,720],"capInsets":[0,0,0,0]}],[1],0,[0],[1],[2]],[[[2,"LoadScene",null],[3,"Canvas","a5esZu+45LA5mBpvttspPD",[-3,-4,-5,-6,-7],[[8,-1,[5,1280,720]],[9,45,-2]],[5,1280,720],[640,360,0,0,0,0,1,1,1,1]],[11,"New Node",[1,-8],[0,0,0],[0,0,0,0,0,0,1,1,1,1]],[4,"BG",1,[[1,-9,[0],1],[10,45,1280,720,-10]],[5,1280,720]],[5,"Main Camera",1,[[13,7,-1,-11]],[5,960,640],[0,0,252.8794179050561,0,0,0,1,1,1,1]],[6,"Logo",false,1,[[1,-12,[2],3]],[5,201,79],[1.823,131.222,0,0,0,0,1,1,1,1]],[0,"blue bar",1,[-13],[5,442,25],[0,-225.882,0,0,0,0,1,1,1,1]],[12,3,6,[4]],[0,"label loading",1,[-14],[5,97.87,50.4],[0,-278.921,0,0,0,0,1,1,1,1]],[14,"Label",1,8,[5]],[7,"LoadGameController","e9e/uY8j9H1ahk4+HzS1vY",2,[[15,-15,7,9]]]],0,[0,0,1,0,0,1,0,-1,4,0,-2,3,0,-3,5,0,-4,6,0,-5,8,0,-2,10,0,0,3,0,0,3,0,0,4,0,0,5,0,-1,7,0,-1,9,0,0,10,0,3,2,1,4,2,15],[0,0,0,0,0,0,7],[-1,2,-1,2,-1,-1,2],[0,3,0,4,0,0,5]],[[{"name":"logo","rect":[8,8,201,79],"offset":[0,0],"originalSize":[217,95],"capInsets":[0,0,0,0]}],[1],0,[0],[1],[6]]]]